<?xml version="1.0" encoding="UTF-8" standalone="yes"?>
<addon id="plugin.video.LUMINARTTORR"
       name="[COLOR blue][COLOR lime]..:[/COLOR][COLOR yellow]:[/COLOR][COLOR red]:[/COLOR][COLOR blue] LUMINART TORR [/COLOR][COLOR red]:[/COLOR][COLOR yellow]:[/COLOR][COLOR lime]:..[/COLOR]"
       version="1.maxrevivalimpo8"
       provider-name="MELLO506">  <requires>
    <import addon="xbmc.python" version="2.1.0"/>
    <import addon="script.module.beautifulsoup" version="3.2.1"/>
    <import addon="script.module.simple.downloader" version="0.9.4"/>
    <import addon="script.module.beautifulsoup4"/>
    <import addon="script.module.requests"/>
    <import addon="script.module.httplib2"/>
    <import addon="script.module.youtube.dl" optional="true"/>
    <import addon="plugin.video.youtube"/>
    <import addon="script.module.urlresolver" optional="true"/>
    <import addon="script.module.simplejson"/> 
  </requires>
  <extension point="xbmc.python.pluginsource" library="default.py">
        <provides>video</provides>
  </extension>
  <extension point="xbmc.addon.metadata">
    <summary>O MELHOR CONTEÚDO PARA SEU LAZER</summary>
    <description lang="en">CONTEÚDOS EM SERVIDORES TORRENTS,G DRIVE E YOU TUBE </description>
    <disclaimer lang="en">SEM FINS LUCRATIVOS</disclaimer>
	<news>ADICIONADO SEÇÂO NOSTALGIA NO YOUTUBE</news>
    <platform>all</platform>
<assets>
       <icon>icon.png</icon>
       <fanart>fanart.jpg</fanart>
       <screenshot>resources/screenshots/aviso1.jpg</screenshot>
       <screenshot>resources/screenshots/aviso2.jpg</screenshot>
       <screenshot>resources/screenshots/aviso3.jpg</screenshot>
    </assets>
  </extension>
</addon>
